id,Title,Content
34385,"Davidson College",
34387,"Dayton, University Of",
34389,"Fordham University",
34393,"Duquesne University",
34396,"George Mason University",
34398,"George Washington University",
34406,"La Salle University",
34408,"Massachusetts, U. Of (amherst)",
34410,"Rhode Island, University Of",
34412,"Richmond, University Of",
34414,"Saint Joseph's University",
34416,"Saint Louis University",
34418,"St. Bonaventure University",
34420,"Virginia Commonwealth U.",
34422,"Boston College",
34424,"Clemson University",
34426,"Duke University",
34428,"Florida State University",
34430,"Georgia Tech",
34432,"Louisville, University Of",
34434,"Miami, University Of",
34436,"North Carolina State University",
34438,"North Carolina, U. Of (chapel Hill)",
34440,"Notre Dame, University Of",
34442,"Pittsburgh, University Of",
34444,"Virginia Polytech. Inst. & State U. (virginia Tech)",
34446,"Virginia, University Of",
34448,"Wake Forest University",
34450,"Bevill State Community College",
34452,"Bishop State Comm. College",
34454,"Calhoun Community College",
34456,"Central Alabama Community College",
34458,"Coastal Alabama Cc-bay Minette",
34460,"Coastal Alabama Cc-brewton",
34462,"Enterprise State Community College",
34464,"Lawson State Community College",
34466,"Marion Military Institute",
34468,"Shelton State Community College",
34470,"Snead State Community College",
34472,"Southern Union State Community College",
34474,"Wallace Community College-selma",
34476,"Wallace State Community College-hanceville",
34478,"D'youville College",
34480,"Hilbert College",
34482,"La Roche College",
34484,"Mount Aloysius College",
34486,"Penn State Altoona",
34488,"Penn State Behrend College",
34490,"Pittsburgh, U. Of (bradford)",
34492,"Pittsburgh, University Of (greensburg)",
34494,"Albany, University At",
34496,"Binghamton University",
34498,"Hartford, University Of",
34500,"Maine, University Of",
34502,"Maryland, U. Of (baltimore County)",
34504,"Massachusetts Lowell, U. Of",
34506,"Stony Brook University",
34508,"Central Florida, Univ. Of",
34510,"Cincinnati, University Of",
34512,"Connecticut, University Of",
34514,"East Carolina University",
34516,"Houston, University Of",
34518,"Memphis, University Of",
34520,"South Florida, Univ. Of",
34522,"Tulane University",
34524,"Wichita State University",
34526,"Central Baptist College",
34528,"Columbia College (mo)",
34530,"Freed-hardeman Univ.",
34532,"Hannibal-lagrange University",
34534,"Harris-stowe State University",
34536,"Lindenwood University-belleville",
34538,"Lyon College",
34540,"Park University",
34542,"William Woods University",
34544,"Williams Baptist College",
34546,"Belhaven University",
34548,"Concordia University Texas",
34550,"East Texas Baptist Univ.",
34552,"Hardin-simmons University",
34554,"Howard Payne University",
34556,"Le Tourneau University",
34558,"Louisiana College",
34560,"Mary Hardin-baylor, U. Of",
34562,"Mcmurry University",
34564,"Ozarks, Univ. Of The",
34566,"Texas At Tyler, University Of",
34568,"Texas, U. Of (dallas)",
34571,"Milligan College",
34573,"Point University",
34575,"Reinhardt University",
34577,"St. Andrews University",
34579,"Tennessee Wesleyan College",
34581,"Truett Mcconnell College",
34583,"Union College (ky)",
34585,"Arizona Western College",
34587,"Central Arizona College",
34589,"Chandler-gilbert Community College",
34591,"Cochise College",
34593,"Glendale Community College",
34595,"Mesa Community College",
34597,"Paradise Valley Community College",
34599,"Phoenix College",
34601,"Pima Community College",
34603,"Scottsdale Community College",
34605,"South Mountain Community College",
34607,"Yavapai College",
34609,"Black Hawk College",
34611,"Carl Sandburg College",
34613,"Highland Community College",
34615,"Illinois Valley Community College",
34617,"Kishwaukee College",
34619,"Sauk Valley Community College",
34621,"Fisher College",
34623,"Georgia Gwinnett College",
34625,"Kentucky Christian University",
34627,"Lincoln Christian University",
34629,"Ozarks, College Of The",
34631,"Rust College",
34633,"Saint Joseph In Vermont, Coll. Of",
34635,"Stillman College",
34637,"Voorhees College",
34639,"Maranatha Baptist University",
34641,"New Rochelle, The College Of",
34643,"Florida Gulf Coast University",
34645,"Jacksonville University",
34647,"Kennesaw State University",
34649,"Lipscomb University",
34651,"New Jersey Institute Of Technology",
34653,"North Florida, Univ. Of",
34655,"South Carolina Upstate, U. Of",
34657,"Stetson University",
34659,"Contra Costa College",
34661,"Folsom Lake College",
34663,"Laney College",
34665,"Los Medanos College",
34667,"Marin, College Of",
34669,"Napa Valley College",
34671,"Solano Community College",
34673,"Yuba College",
34675,"Baylor University",
34677,"Kansas State University",
34679,"Kansas, University Of",
34681,"Oklahoma State University",
34683,"Oklahoma, University Of",
34685,"Texas Christian University",
34687,"Texas Tech University",
34689,"Texas, U. Of (austin)",
34691,"West Virginia University",
34693,"American River College",
34695,"Cosumnes River College",
34697,"Diablo Valley College",
34699,"Modesto Junior College",
34701,"Sacramento City College",
34703,"San Joaquin Delta College",
34705,"Santa Rosa Junior College",
34707,"Sierra College",
34709,"Butler University",
34711,"Creighton University",
34713,"Georgetown University",
34715,"Seton Hall University",
34717,"St. John's University",
34719,"Villanova University",
34721,"Xavier University",
34723,"Campbell University",
34725,"Charleston Southern University",
34727,"Gardner-webb University",
34729,"High Point University",
34731,"Liberty University",
34733,"Longwood University",
34735,"North Carolina, U. Of (asheville)",
34737,"Presbyterian College",
34739,"Radford University",
34741,"Winthrop University",
34743,"Illinois, University Of",
34745,"Indiana University",
34747,"Iowa, University Of",
34749,"Maryland, U. Of (college Park)",
34751,"Michigan State University",
34753,"Michigan, University Of",
34755,"Minnesota, University Of",
34757,"Nebraska, U. Of (lincoln)",
34759,"Northwestern University",
34761,"Ohio State University",
34763,"Penn State University",
34765,"Purdue University",
34767,"Rutgers, The State U. Of New Jersey",
34769,"Cal State Fullerton",
34771,"California Polytechnic State University",
34773,"California State University, Northridge",
34775,"California, U. Of (irvine)",
34777,"California, U. Of (riverside)",
34779,"California, U. Of (santa Barbara)",
34781,"California, University Of (davis)",
34783,"Hawaii, University Of",
34785,"Long Beach State University",
34787,"Cal State Dominguez Hills",
34789,"Cal State East Bay",
34791,"Cal State Monterey Bay",
34793,"Cal State San Bernardino",
34795,"Cal State San Marcos",
34797,"California State Polytechnic U., Pomona",
34799,"California State University Los Angeles",
34801,"California, University Of (san Diego)",
34803,"Chico State University",
34805,"San Francisco State U.",
34807,"Sonoma State University",
34809,"Stanislaus State",
34811,"Benedictine University At Mesa",
34813,"La Sierra University",
34815,"Marymount California Univ.",
34817,"Providence Christian College",
34819,"Simpson University",
34821,"Christopher Newport University",
34823,"Frostburg State University",
34825,"Mary Washington, U. Of",
34827,"Marymount University",
34829,"Penn State Harrisburg",
34831,"Saint Mary's College Of Maryland",
34833,"Salisbury University",
34835,"Southern Virginia University",
34837,"Wesley College",
34839,"York College",
34841,"British Columbia, U. Of",
34843,"Corban University",
34845,"Idaho, College Of",
34847,"Oregon Institute Of Technology",
34849,"Augustana College",
34851,"Carroll University",
34853,"Carthage College",
34855,"Elmhurst College",
34857,"Illinois Wesleyan University",
34859,"Millikin University",
34861,"North Central College",
34863,"North Park University",
34865,"Wheaton College (il)",
34867,"Dickinson College",
34869,"Franklin & Marshall College",
34871,"Gettysburg College",
34873,"Haverford College",
34875,"Johns Hopkins University",
34877,"Mcdaniel College",
34879,"Muhlenberg College",
34881,"Swarthmore College",
34883,"Ursinus College",
34885,"Washington College",
34887,"Bloomfield College",
34889,"Caldwell University",
34891,"Chestnut Hill College",
34893,"Concordia College (ny)",
34895,"Dominican College",
34897,"Felician University",
34899,"Goldey-beacom College",
34901,"Nyack College",
34903,"Post University",
34905,"Sciences, University Of The",
34907,"Thomas Jefferson University",
34909,"Chowan University",
34911,"Lincoln University",
34913,"Saint Augustine's University",
34915,"Virginia State University",
34917,"Winston-salem State University",
34919,"Cerro Coso Community College",
34921,"Fresno City College",
34923,"Merced College",
34925,"Porterville College",
34927,"Reedley College",
34929,"Sequoias, College Of The",
34931,"Taft College",
34933,"West Hills College",
34935,"Calumet College Of St. Joseph",
34937,"Indiana University (south Bend)",
34939,"Olivet Nazarene University",
34941,"Robert Morris University",
34943,"Roosevelt University",
34945,"Saint Xavier University",
34947,"St. Francis, University Of",
34949,"Trinity Christian College",
34951,"Trinity International University",
34953,"Cabrillo College",
34955,"Canada College",
34957,"Chabot College",
34959,"De Anza College",
34961,"Gavilan College",
34963,"Hartnell College",
34965,"Mission College",
34967,"Monterey Peninsula College",
34969,"Ohlone College",
34971,"San Francisco, City Coll. Of",
34973,"San Mateo, College Of",
34975,"Skyline College",
34977,"West Valley College",
34979,"Charleston, College Of",
34981,"Delaware, University Of",
34983,"Elon University",
34985,"Hofstra University",
34987,"James Madison University",
34989,"North Carolina, U. Of (wilmington)",
34991,"Northeastern University",
34993,"Towson University",
34995,"William & Mary, College Of",
34997,"Cabrini College",
34999,"Cairn University",
35001,"Centenary University",
35003,"Clarks Summit University",
35005,"Gwynedd Mercy College",
35007,"Immaculata University",
35009,"Keystone College",
35011,"Marywood University",
35013,"Neumann University",
35015,"Curry College",
35017,"Eastern Nazarene College",
35019,"Endicott College",
35021,"Gordon College (ma)",
35023,"Nichols College",
35025,"Roger Williams University",
35027,"Salve Regina University",
35029,"Wentworth Inst. Of Tech.",
35031,"Western New England Univ.",
35033,"Barton College",
35035,"Belmont Abbey College",
35037,"Emmanuel College",
35039,"Erskine College",
35041,"King University",
35043,"Limestone College",
35045,"Mount Olive, University Of",
35047,"North Greenville University",
35049,"Southern Wesleyan University",
35050,"Alabama At Birmingham, University Of",
35052,"Florida Atlantic University",
35054,"Florida International U.",
35056,"Louisiana Tech University",
35058,"Marshall University",
35060,"Middle Tennessee State U.",
35062,"North Carolina, U. Of (charlotte)",
35064,"Old Dominion University",
35066,"Rice University",
35068,"Southern Mississippi, U. Of",
35070,"Texas, University Of At San Antonio (utsa)",
35072,"Western Kentucky University",
35074,"Bethel College (in)",
35076,"Goshen College",
35078,"Grace College",
35080,"Huntington University",
35082,"Indiana Wesleyan Univ.",
35084,"Marian University",
35086,"Mount Vernon Nazarene University",
35088,"Saint Francis, University Of",
35090,"Spring Arbor University",
35092,"Baruch College",
35094,"Bronx Community College",
35096,"John Jay College Of Criminal Justice",
35098,"Kingsborough Community College",
35100,"Lehman College",
35102,"Manhattan Cc, Borough Of",
35104,"New York, City College Of",
35106,"Queensborough Community College",
35108,"Staten Island, Coll. Of",
35110,"Bridgeport, University Of",
35112,"Liu Post/long Island U.",
35114,"Mercy College",
35116,"Molloy College",
35118,"Queens College",
35120,"St. Thomas Aquinas",
35122,"Alfred State College",
35124,"Elmira College",
35126,"Houghton College",
35128,"Saint John Fisher College",
35130,"Stevens Institute Of Technology",
35132,"Utica College",
35134,"Bucks County Community College",
35136,"Delaware County Community College",
35138,"Lackawanna College",
35140,"Lehigh Carbon Cc",
35142,"Luzerne County Community College",
35144,"Manor College",
35146,"Montgomery County Community College",
35148,"Valley Forge Military College",
35150,"Williamson College Of The Trades",
35152,"Central Florida, College Of",
35154,"Daytona State College",
35156,"Florida State College At Jacksonville",
35158,"Lake-sumter State College",
35160,"Santa Fe College",
35162,"Seminole State College Of Florida",
35164,"Northwest Florida State College",
35166,"Pensacola State College",
35168,"Tallahassee Community College",
35170,"Broward College",
35172,"Eastern Florida State College",
35174,"Indian River State College",
35176,"Miami Dade College",
35178,"Palm Beach State College",
35180,"Florida, State Coll. Of (manatee-sarasota)",
35182,"Hillsborough Community College",
35184,"Polk State College",
35186,"Saint Petersburg College",
35188,"Victor Valley College",
35190,"Lewis-clark State College",
35192,"Arkansas Tech University",
35194,"East Central University",
35196,"Harding University",
35198,"Henderson State University",
35200,"Northwestern Oklahoma State U.",
35202,"Oklahoma Baptist Univ.",
35204,"Ouachita Baptist Univ.",
35206,"Southeastern Oklahoma State U.",
35208,"Southern Arkansas University",
35210,"Southern Nazarene University",
35212,"Southwestern Oklahoma State U.",
35214,"Bergen Community College",
35216,"Brookdale Community College",
35218,"Camden County College",
35220,"Mercer County Community College",
35222,"Middlesex County College",
35224,"Morris, County Coll. Of",
35226,"Ocean County College",
35228,"Raritan Valley Community College",
35230,"Rowan College At Burlington County",
35232,"Rowan College At Gloucester County",
35234,"Sussex County Community College",
35236,"Union County College",
35238,"Abraham Baldwin Agricultural College",
35240,"East Georgia State College",
35242,"Georgia Highlands College",
35244,"Gordon State College (ga)",
35246,"South Georgia State College",
35248,"West Georgia Technical College",
35250,"Ashland University",
35252,"Davenport University-grand Rapids",
35254,"Grand Valley State University",
35256,"Northwood University (mi)",
35258,"Purdue University Northwest",
35260,"Saginaw Valley State",
35262,"Tiffin University",
35264,"Wayne State University",
35266,"Arizona Christian University",
35268,"Hope International University",
35270,"Master's College, The",
35272,"Menlo College",
35274,"San Diego Christian College",
35276,"Vanguard University",
35278,"Westmont College",
35280,"William Jessup University",
35282,"Butte College",
35284,"Feather River College",
35286,"Lassen College",
35288,"Redwoods, College Of The",
35290,"Shasta College",
35292,"Siskiyous, Coll. Of The",
35294,"Bellarmine University",
35296,"Drury University",
35298,"Illinois, U. Of, Springfield",
35300,"Indianapolis, Univ. Of",
35302,"Lewis University",
35304,"Maryville U.-st. Louis",
35306,"Mckendree University",
35308,"Missouri U. Of Science And Technology",
35310,"Missouri, University Of (st. Louis)",
35312,"Quincy University",
35314,"Southern Indiana, University Of",
35316,"Truman State University",
35318,"William Jewell College",
35320,"Wisconsin, U. Of (parkside)",
35322,"Alderson-broaddus University",
35324,"Cedarville University",
35326,"Davis & Elkins College",
35328,"Findlay, University Of",
35330,"Hillsdale College",
35332,"Kentucky Wesleyan College",
35334,"Lake Erie College",
35336,"Malone University",
35338,"Ohio Dominican University",
35340,"Trevecca Nazarene University",
35342,"Walsh University",
35344,"Albertus Magnus College",
35346,"Anna Maria College",
35348,"Johnson & Wales U. (ri)",
35350,"Lasell College",
35352,"Norwich University",
35354,"Rivier University",
35356,"Suffolk University",
35358,"Central Washington University",
35360,"Concordia University (or)",
35362,"Montana State University Billings",
35364,"Northwest Nazarene Univ.",
35366,"Saint Martin's University",
35368,"Western Oregon University",
35370,"Briar Cliff University",
35372,"Concordia University (ne)",
35374,"Dakota Wesleyan University",
35376,"Doane University",
35378,"Dordt College",
35380,"Hastings College",
35382,"Midland University",
35384,"Morningside College",
35386,"Northwestern College",
35388,"John A. Logan College",
35390,"Kaskaskia College",
35392,"Rend Lake College",
35394,"Shawnee College",
35396,"Wabash Valley College",
35398,"Edward Waters College",
35400,"Talladega College",
35402,"Tougaloo College",
35404,"Alabama, U. Of In Huntsville",
35406,"Auburn U. At Montgomery",
35408,"Christian Brothers Univ.",
35410,"Delta State University",
35412,"Lee University",
35414,"Mississippi College",
35416,"Montevallo, University Of",
35418,"North Alabama, Univ. Of",
35420,"Shorter University",
35422,"Union University",
35424,"Valdosta State University",
35426,"West Alabama, Univ. Of",
35428,"West Florida, Univ. Of",
35430,"West Georgia, University Of",
35432,"Avila University",
35434,"Baker University",
35436,"Benedictine College",
35438,"Central Methodist University",
35440,"Clarke University",
35442,"Culver-stockton College",
35444,"Evangel University",
35446,"Grand View University",
35448,"Midamerica Nazarene University",
35450,"Missouri Valley College",
35452,"Mount Mercy University",
35454,"Peru State College",
35456,"William Penn University",
35458,"Anderson University (in)",
35460,"Bluffton University",
35462,"Defiance College",
35464,"Earlham College",
35466,"Hanover College",
35467,"Mount St. Joseph University",
35469,"Transylvania University",
35471,"Arkansas, U. Of (fort Smith)",
35473,"Lubbock Christian Univ.",
35475,"Newman University",
35477,"Oklahoma Christian Univ.",
35479,"Rogers State University",
35481,"Saint Mary's University (tx)",
35483,"St. Edwards University",
35485,"Texas A&m International University",
35487,"Illinois At Chicago, University Of",
35489,"Northern Kentucky University",
35491,"Oakland University",
35494,"Wisconsin, U. Of (milwaukee)",
35496,"Wright State University",
35498,"Youngstown State University",
35500,"Vaughn College Of Aeronautics And Technology",
35502,"Elgin Community College",
35504,"Lake County, College Of",
35506,"Mchenry County College",
35508,"Moraine Valley Community College",
35510,"Morton College",
35512,"Oakton Community College",
35514,"Prairie State College",
35516,"Waubonsee Community College",
35518,"Bluefield State College",
35520,"Chicago, University Of",
35522,"Crowder College",
35524,"Crowley's Ridge College",
35526,"Finlandia University",
35528,"Grayson College",
35530,"Harry S. Truman College",
35532,"Hesston College",
35534,"Illinois Institute Of Technology",
35536,"Lakewood College",
35538,"Laredo Community College",
35540,"Metropolitan Cc-maple Woods",
35542,"Navarro College",
35544,"New York Institute Of Technology",
35546,"North Central Missouri College",
35548,"Northeast Texas Community College",
35550,"Oakland City University",
35552,"Ohio City College",
35554,"Olive-harvey College",
35556,"Otero Junior College",
35558,"Pine Manor College",
35560,"Pitt Community College",
35562,"Rhode Island, Community College Of",
35564,"Rockingham Community College",
35566,"Salem International University",
35568,"Vincennes University",
35570,"Western Nebraska Community College",
35572,"Des Moines Area Community College",
35574,"Ellsworth Community College",
35576,"Indian Hills Community College",
35578,"Iowa Central Community College",
35580,"Iowa Lakes Community College",
35582,"Iowa Western Community College",
35584,"Kirkwood Community College",
35586,"Marshalltown Community College",
35588,"North Iowa Area Community College",
35590,"Northeast Community College",
35592,"Southeastern Community College (ia)",
35594,"Southwestern Community College",
35596,"Buena Vista University",
35598,"Central College",
35600,"Dubuque, University Of",
35602,"Loras College",
35604,"Luther College",
35606,"Nebraska Wesleyan University",
35608,"Simpson College",
35610,"Wartburg College",
35612,"Brown University",
35614,"Columbia University",
35616,"Cornell University",
35618,"Dartmouth College",
35620,"Harvard University",
35622,"Pennsylvania, University Of",
35624,"Princeton University",
35626,"Yale University",
35628,"Bethany College",
35630,"Friends University",
35632,"Kansas Wesleyan University",
35634,"Mcpherson College",
35636,"Ottawa University",
35638,"Southwestern College (ks)",
35640,"Sterling College",
35642,"Tabor College",
35645,"Allen Community College",
35647,"Barton Community College",
35649,"Butler Community College",
35651,"Cloud County Community College",
35653,"Coffeyville Community College",
35655,"Colby Community College",
35657,"Cowley College",
35659,"Dodge City Community College",
35661,"Fort Scott Community College",
35663,"Garden City Community College",
35666,"Hutchinson Community College",
35668,"Independence Community College",
35670,"Johnson County Community College",
35672,"Kansas City Kansas Cc",
35674,"Neosho County Community College",
35676,"Pratt Community College",
35678,"Seward County Cc/area Tech. School",
35680,"Catholic U. Of America",
35682,"Drew University",
35684,"Elizabethtown College",
35686,"Moravian College",
35688,"Scranton, University Of",
35690,"Susquehanna University",
35692,"Bard College",
35694,"Clarkson University",
35696,"Ithaca College",
35698,"Rensselaer Polytechnic Institute",
35700,"Rochester Inst. Of Technology",
35702,"Rochester, University Of",
35704,"Skidmore College",
35706,"St. Lawrence University",
35708,"Union College (ny)",
35710,"Vassar College",
35712,"Eastern Connecticut State U.",
35714,"Keene State College",
35716,"Massachusetts, U. Of (north Dartmouth)",
35718,"Massachusetts, University Of (boston)",
35720,"Plymouth State University",
35722,"Rhode Island College",
35724,"Southern Maine, Univ. Of",
35726,"Western Connecticut State University",
35728,"Angelo State University",
35730,"Cameron University",
35732,"Eastern New Mexico University",
35734,"Tarleton State University",
35736,"Texas A&m University-kingsville",
35738,"Texas Of The Permian Basin, U. Of",
35740,"West Texas A&m University",
35742,"Albright College",
35744,"Alvernia University",
35746,"Arcadia University",
35748,"Hood College",
35749,"Lebanon Valley College",
35751,"Messiah College",
35753,"Stevenson University",
35755,"Widener University",
35757,"Delaware Valley University",
35759,"Desales University",
35761,"Eastern University",
35763,"Fairleigh Dickinson University-florham",
35765,"King's College",
35767,"Manhattanville College",
35769,"Misericordia University",
35771,"Wilkes University",
35773,"Coahoma Community College",
35775,"Copiah-lincoln Community College",
35777,"East Central Community College",
35779,"East Mississippi Community College",
35781,"Hinds Community College",
35783,"Holmes Community College",
35785,"Itawamba Community College",
35787,"Jones County Junior College",
35789,"Meridian Community College",
35791,"Mississippi Delta Community College",
35793,"Mississippi Gulf Coast Cc",
35795,"Northeast Mississippi Community College",
35797,"Northwest Mississippi Cc",
35799,"Pearl River Community College",
35801,"Southwest Mississippi Community College",
35803,"Anne Arundel Community College",
35805,"Ccbc Catonsville",
35807,"Ccbc Dundalk",
35809,"Ccbc Essex Campus",
35811,"Cecil College",
35813,"Frederick Community College",
35815,"Hagerstown Community College",
35817,"Montgomery College",
35819,"Prince George's Community College",
35821,"Southern Maryland, College Of",
35823,"Bridgewater State University",
35825,"Fitchburg State University",
35827,"Framingham State University",
35828,"Massachusetts College Of Liberal Arts",
35830,"Massachusetts Maritime Academy",
35833,"Salem State University",
35835,"Westfield State University",
35837,"Worcester State University",
35839,"Bunker Hill Community College",
35841,"Holyoke Community College",
35843,"Massachusetts Bay Cc",
35845,"Massasoit Community College",
35847,"Northern Essex Community College",
35849,"Quinsigamond Community College",
35851,"Anoka-ramsey Community College",
35853,"Central Lakes College",
35855,"Hibbing Community College",
35857,"Mesabi Range College",
35859,"Minnesota State Community & Technical College",
35861,"Minnesota West Comm. & Tech. Coll.",
35863,"Northland Community And Tech Coll",
35865,"Rainy River Community College",
35867,"Ridgewater College",
35869,"Riverland Community College",
35871,"Rochester Community & Technical Coll.",
35873,"St. Cloud Tech. & Comm. College",
35875,"Vermilion Community College",
35877,"Brookhaven College",
35879,"Cedar Valley College",
35881,"Eastfield College",
35883,"Mountain View College",
35885,"North Lake College",
35887,"Canisius College",
35889,"Fairfield University",
35891,"Iona College",
35893,"Manhattan College",
35895,"Marist College",
35897,"Monmouth University",
35899,"Niagara University",
35901,"Quinnipiac University",
35903,"Rider University",
35905,"Saint Peter's University",
35907,"Siena College",
35909,"Ancilla College",
35911,"Delta College",
35913,"Glen Oaks Community College",
35915,"Grand Rapids Community College",
35917,"Henry Ford College",
35919,"Kalamazoo Valley Community College",
35921,"Kellogg Community College",
35923,"Lake Michigan College",
35925,"Lansing Community College",
35927,"Macomb Community College",
35929,"Mott Community College",
35931,"Muskegon Community College",
35933,"Saint Clair County Community College",
35935,"Schoolcraft College",
35937,"Adrian College",
35939,"Albion College",
35941,"Alma College",
35943,"Calvin College",
35945,"Hope College",
35947,"Kalamazoo College",
35949,"Olivet College",
35951,"Trine University",
35953,"Central Missouri, University Of",
35955,"Central Oklahoma, U. Of",
35957,"Emporia State University",
35959,"Fort Hays State University",
35961,"Lindenwood University",
35963,"Missouri Southern State University",
35965,"Missouri Western State University",
35967,"Nebraska, U. Of (kearney)",
35969,"Northeastern State U.",
35971,"Northwest Missouri State",
35973,"Pittsburg State U.",
35975,"Southwest Baptist University",
35977,"Washburn University",
35979,"Ball State University",
35981,"Bowling Green State University",
35983,"Central Michigan University",
35985,"Eastern Michigan University",
35987,"Kent State University",
35989,"Miami University",
35991,"Northern Illinois University",
35993,"Ohio University",
35995,"Toledo, University Of",
35997,"Western Michigan University",
35999,"Bethune-cookman University",
36001,"Coppin State University",
36003,"Delaware State University",
36005,"Florida A&m University",
36007,"Maryland, U. Of (eastern Shore)",
36009,"Norfolk State University",
36011,"North Carolina A&t State U.",
36013,"North Carolina Central U.",
36015,"Savannah State University",
36017,"Dutchess Community College",
36019,"Rockland Community College",
36021,"Sullivan County Community College",
36023,"Suny Ulster",
36025,"Westchester Community College",
36027,"Cumberland University",
36029,"Cumberlands, University Of The",
36031,"Georgetown College",
36033,"Lindsey Wilson College",
36035,"Pikeville, University Of",
36037,"Shawnee State University",
36039,"Corning Community College",
36041,"Finger Lakes Community College",
36043,"Onondaga Community College",
36045,"Suny Broome Community College",
36047,"Cornell College",
36049,"Grinnell College",
36051,"Illinois College",
36053,"Knox College",
36055,"Lawrence University",
36057,"Monmouth College",
36059,"Ripon College",
36061,"Saint Norbert College",
36063,"Manhattan Christian College",
36065,"Augsburg College",
36067,"Bethel University",
36069,"Carleton College",
36071,"Concordia College (mn)",
36073,"Gustavus Adolphus College",
36076,"Hamline University",
36078,"Macalester College",
36080,"Saint John's University",
36082,"Saint Mary's University (mn)",
36084,"Saint Olaf College",
36086,"Saint Thomas, Univ. Of",
36088,"Jefferson College",
36090,"Mineral Area College",
36092,"Saint Louis Community College",
36094,"State Fair Community College",
36096,"Three Rivers College",
36098,"Bradley University",
36100,"Dallas Baptist Univ.",
36102,"Evansville, University Of",
36104,"Illinois State University",
36106,"Indiana State University",
36108,"Missouri State University",
36110,"Southern Illinois U. (carbondale)",
36112,"Valparaiso University",
36114,"Bismarck State College",
36116,"Dakota College At Bottineau",
36118,"Dawson Community College",
36120,"Lake Region State College",
36122,"Williston State College",
36124,"Charleston, University Of",
36126,"Fairmont State",
36128,"Glenville State College",
36130,"Notre Dame College",
36132,"Shepherd University",
36134,"Urbana University",
36136,"Virginia, University Of-wise",
36138,"West Virginia State University",
36140,"Wheeling Jesuit University",
36142,"Columbia-greene Community College",
36144,"Fulton-montgomery Cc",
36146,"Herkimer County Community College",
36148,"Hudson Valley Community College",
36150,"Mohawk Valley Community College",
36152,"Schenectady County Community College",
36154,"Suny Adirondack",
36156,"Fresno State",
36158,"Nevada, University Of",
36160,"Nevada-las Vegas, U. Of (unlv)",
36162,"New Mexico, University Of",
36164,"San Jose State University",
36166,"United States Air Force Academy",
36168,"Heartland Community College",
36170,"Illinois Central College",
36172,"John Wood Community College",
36174,"Lewis & Clark Community College",
36176,"Lincoln College",
36178,"Parkland College",
36180,"Spoon River College",
36182,"Dupage, College Of",
36184,"Harper College",
36186,"Madison College",
36188,"Milwaukee Area Technical College",
36190,"Rock Valley College",
36192,"Triton College",
36194,"Arlington Baptist College",
36196,"Bethesda University",
36198,"Dallas Christian College",
36200,"Ecclesia College",
36202,"Hiwassee College",
36204,"John Wesley University",
36206,"Johnson University Tennessee",
36208,"Ottawa University-arizona",
36210,"Randall University",
36212,"Trinity Baptist College",
36214,"Southeast Community College",
36216,"Amherst College",
36218,"Bates College",
36220,"Bowdoin College",
36222,"Colby College",
36224,"Hamilton College",
36226,"Middlebury College",
36228,"Trinity College",
36230,"Wesleyan University",
36232,"Williams College",
36234,"Becker College",
36236,"Dean College",
36238,"Elms College",
36240,"Lesley University",
36242,"Mitchell College",
36244,"Southern Vermont College",
36246,"Babson College",
36248,"Clark University",
36250,"Emerson College",
36252,"Massachusetts Inst. Of Tech. (mit)",
36254,"Springfield College",
36256,"United States Coast Guard Acad.",
36258,"Wheaton College (ma)",
36260,"Worcester Polytechnic Institute",
36262,"Kean University",
36264,"Montclair State University",
36266,"New Jersey City University",
36268,"New Jersey, The College Of",
36270,"Ramapo Coll. Of New Jersey",
36272,"Rowan University",
36274,"Rutgers -newark",
36276,"Rutgers University (camden)",
36278,"Stockton University",
36280,"William Paterson University",
36282,"Castleton University",
36284,"Colby-sawyer College",
36286,"Husson University",
36288,"Maine, University Of (farmington)",
36290,"New England College",
36292,"Thomas College",
36294,"Allegheny College",
36296,"Denison University",
36298,"Depauw University",
36300,"Hiram College",
36302,"Kenyon College",
36304,"Oberlin College",
36306,"Ohio Wesleyan University",
36308,"Wabash College",
36309,"Wittenberg University",
36311,"Wooster, The College Of",
36313,"Cazenovia College",
36315,"Gallaudet University",
36317,"Keuka College",
36319,"Lancaster Bible College",
36321,"Lyndon State College",
36323,"Penn State Abington",
36325,"Penn State Berks",
36327,"Pennsylvania Coll. Of Technology",
36329,"Suny Cobleskill",
36331,"Suny Polytechnic Institute",
36333,"Wells College",
36335,"Wilson College",
36337,"Bellevue University",
36339,"Dakota State University",
36341,"Dickinson State University",
36343,"Mayville State University",
36344,"Presentation College",
36346,"Valley City State University",
36348,"Viterbo University",
36350,"Waldorf University",
36352,"Cisco College",
36354,"Hill College",
36356,"Mclennan Community College",
36358,"Temple College",
36360,"Weatherford College",
36362,"Bryant University",
36364,"Central Connecticut State U.",
36366,"Fairleigh Dickinson U. (metropolitan)",
36368,"Liu Brooklyn",
36370,"Mount St. Mary's University",
36372,"Sacred Heart University",
36374,"Wagner College",
36376,"Adelphi University",
36378,"American International College",
36380,"Assumption College",
36382,"Franklin Pierce University",
36384,"Le Moyne College",
36386,"Merrimack College",
36388,"New Haven, University Of",
36390,"Pace University",
36392,"Saint Anselm College",
36394,"Saint Michael's College",
36396,"Saint Rose, The College Of",
36398,"Southern Connecticut State U.",
36400,"Southern New Hampshire University",
36402,"Stonehill College",
36404,"Aurora University",
36406,"Benedictine University",
36408,"Concordia University (wi)",
36410,"Concordia University Chicago",
36412,"Dominican University (il)",
36414,"Lakeland College (wi)",
36416,"Marian University Of Wisconsin",
36418,"Milwaukee School Of Engineering",
36420,"Rockford University",
36422,"Wisconsin Lutheran College",
36424,"Augustana University",
36426,"Bemidji State University",
36428,"Mary, University Of",
36430,"Minnesota State U. Mankato",
36432,"Minnesota, U. Of (crookston)",
36434,"Minnesota, U. Of (duluth)",
36436,"Minot State University",
36438,"Northern State University",
36440,"Sioux Falls, University Of",
36442,"Southwest Minnesota State U.",
36444,"St. Cloud State Univ.",
36446,"Upper Iowa University",
36448,"Wayne State College",
36450,"Winona State University",
36452,"George Fox University",
36454,"Lewis & Clark College",
36456,"Linfield College",
36458,"Pacific Lutheran University",
36460,"Pacific University",
36462,"Puget Sound, Univ. Of",
36464,"Whitman College",
36466,"Whitworth University",
36468,"Willamette University",
36470,"Big Bend Community College",
36472,"Blue Mountain Community College",
36473,"Centralia College",
36475,"Chemeketa Community College",
36477,"Clackamas Community College",
36479,"Clark College",
36481,"Columbia Basin College",
36483,"Douglas College",
36485,"Everett Community College",
36487,"Grays Harbor College",
36489,"Green River College",
36491,"Lane Community College",
36493,"Linn-benton Community College",
36495,"Lower Columbia College",
36497,"Mt. Hood Community College",
36499,"Olympic College",
36501,"Pierce College",
36503,"Shoreline Community College",
36505,"Skagit Valley College",
36507,"Southwestern Oregon Community College",
36509,"Spokane, Community Colleges Of",
36511,"Tacoma Community College",
36513,"Treasure Valley Community College",
36515,"Walla Walla Community College",
36517,"Wenatchee Valley College",
36519,"Yakima Valley Community College",
36521,"Baldwin Wallace University",
36523,"Capital University",
36525,"Heidelberg University",
36527,"John Carroll University",
36529,"Marietta College",
36531,"Mount Union, Univ. Of",
36533,"Muskingum University",
36535,"Ohio Northern University",
36537,"Otterbein University",
36539,"Wilmington College (oh)",
36541,"Clark State Community College",
36543,"Cuyahoga Cc (western Campus)",
36545,"Edison Community College",
36547,"Lakeland Community College",
36549,"Sinclair Community College",
36551,"Miami University (hamilton)",
36553,"Miami University (middletown)",
36555,"Ohio State Lima",
36557,"Ohio State Mansfield",
36559,"Ohio University-chillicothe",
36561,"Ohio University-lancaster",
36563,"Ohio University-zanesville",
36565,"Austin Peay State University",
36567,"Belmont University",
36569,"Eastern Illinois University",
36570,"Eastern Kentucky University",
36572,"Jacksonville State U.",
36574,"Morehead State University",
36576,"Murray State University",
36578,"Southeast Missouri State",
36580,"Southern Illinois U. Edwardsville (siue)",
36582,"Tennessee Martin, University Of",
36584,"Tennessee Tech University",
36586,"Carl Albert State College",
36588,"Connors State College",
36590,"Northeastern Oklahoma A&m College",
36592,"Northern Oklahoma College-enid",
36594,"Northern Oklahoma College-tonkawa",
36596,"Redlands Community College",
36598,"Rose State College",
36600,"Seminole State College",
36602,"Western Oklahoma State",
36604,"Eastern Mennonite University",
36606,"Emory & Henry College",
36608,"Guilford College",
36610,"Hampden-sydney College",
36612,"Lynchburg College",
36614,"Randolph-macon College",
36616,"Roanoke College",
36618,"Shenandoah University",
36620,"Virginia Wesleyan University",
36622,"Washington & Lee University",
36624,"Cypress College",
36626,"Fullerton College",
36628,"Golden West College",
36630,"Irvine Valley College",
36632,"Orange Coast College",
36634,"Riverside City College",
36636,"Saddleback Community College",
36638,"Santa Ana College",
36640,"Arizona State University",
36642,"Arizona, University Of",
36644,"California, U. Of (berkeley)",
36646,"California, U. Of (ucla)",
36648,"Oregon State University",
36650,"Oregon, University Of",
36652,"Southern California, U. Of (usc)",
36654,"Stanford University",
36656,"Utah, University Of",
36658,"Washington State University",
36660,"Washington, University Of",
36662,"Academy Of Art University",
36664,"Azusa Pacific University",
36666,"Biola University",
36668,"California Baptist University",
36670,"Concordia University Irvine",
36672,"Fresno Pacific University",
36674,"Hawaii Pacific University",
36676,"Hawaii-hilo, Univ. Of",
36678,"Holy Names University",
36680,"Point Loma Nazarene University",
36682,"Bucknell University",
36684,"Holy Cross, College Of The",
36686,"Lafayette College",
36688,"Lehigh University",
36690,"United States Military Acad. (army)",
36692,"United States Naval Academy (navy)",
36694,"Desert, College Of The",
36696,"Grossmont College",
36698,"Mount San Jacinto Community College",
36700,"Palomar College",
36702,"San Bernardino Valley College",
36704,"San Diego City College",
36706,"San Diego Mesa College",
36708,"Southwestern College (ca)",
36710,"Augusta University",
36712,"Columbus State University",
36714,"Flagler College",
36716,"Francis Marion University",
36718,"Georgia College",
36720,"Georgia Southwestern State U.",
36722,"Lander University",
36724,"North Carolina, University Of (pembroke)",
36726,"North Georgia, University Of",
36728,"South Carolina, U. Of Aiken",
36730,"Young Harris College",
36733,"Chatham University",
36735,"Geneva College",
36737,"Grove City College",
36739,"Saint Vincent College",
36741,"Washington & Jefferson College",
36743,"Waynesburg University",
36745,"Westminster College (pa)",
36747,"Bloomsburg University",
36749,"California University Of Pennsylvania",
36751,"Clarion University",
36753,"East Stroudsburg University",
36755,"Gannon University",
36757,"Indiana U. Of Pennsylvania",
36759,"Kutztown University",
36761,"Lock Haven University",
36762,"Mansfield University",
36764,"Mercyhurst University",
36766,"Millersville U. Of Pennsylvania",
36768,"Pittsburgh, U. Of (johnstown)",
36770,"Seton Hill University",
36772,"Shippensburg University",
36774,"Slippery Rock University",
36776,"West Chester University",
36778,"Penn State Beaver",
36780,"Penn State Brandywine",
36782,"Penn State Dubois",
36784,"Penn State Fayette",
36786,"Penn State Greater Allegheny",
36788,"Penn State Hazleton",
36790,"Penn State Mont Alto",
36792,"Penn State New Kensington",
36794,"Penn State Schuylkill",
36796,"Penn State Wilkes-barre",
36798,"Penn State Worthington Scranton",
36800,"Houston-victoria, University Of",
36802,"Huston-tillotson University",
36804,"Jarvis Christian College",
36806,"Louisiana State U. At Alexandria",
36808,"Louisiana State U.-shreveport",
36810,"Our Lady Of The Lake University",
36812,"Southwest, Univ. Of The",
36814,"Texas A&m University-texarkana",
36816,"Texas College",
36818,"Wiley College",
36820,"Bryant & Stratton College (va)",
36822,"Danville Community College",
36824,"Guilford Technical Community College",
36826,"Lenoir Community College",
36828,"Louisburg College",
36830,"New River Community College",
36832,"South Carolina Union, University Of",
36834,"South Carolina, U. Of Lancaster",
36836,"South Carolina, U. Of Salkehatchie",
36838,"Southeastern Community College (nc)",
36840,"Surry Community College",
36842,"Wake Technical Community College",
36844,"Lorain County Community College",
36846,"Western Technical College",
36848,"Alvin Community College",
36850,"Angelina College",
36852,"Blinn College",
36854,"Bossier Parish Community College",
36856,"Coastal Bend College",
36858,"Galveston College",
36860,"Panola College",
36862,"Paris Junior College",
36864,"Tyler Junior College",
36866,"Wharton County Junior College",
36868,"Asa College",
36870,"Nassau Community College",
36872,"Suffolk County Community College",
36874,"Atlantic Cape Community College",
36876,"Arkansas Baptist College",
36878,"Connecticut, Univ. Of At Avery Point",
36880,"Baton Rouge Community College",
36882,"Tompkins Cortland Community College",
36884,"Bryant & Stratton College (wi)",
36886,"Luna Community College",
36888,"North Central Texas College",
36890,"Ranger College",
36892,"Vernon College",
36894,"Asa Miami",
36896,"Florida Southwestern State College",
36898,"Northeastern Junior College",
36900,"Trinidad State Junior College",
36902,"Alice Lloyd College",
36905,"Asbury University",
36907,"Brescia University",
36909,"Indiana University Kokomo",
36911,"Indiana University Southeast",
36913,"Midway University",
36915,"Ohio Christian University",
36917,"Point Park University",
36919,"Rio Grande, Univ. Of",
36921,"West Virginia U. Inst. Of Tech.",
36923,"Adams State University",
36925,"Colorado Christian University",
36927,"Colorado Mesa University",
36929,"Colorado School Of Mines",
36931,"Colorado State U.-pueblo",
36933,"Colorado, U. Of (colorado Springs)",
36935,"Dixie State University",
36937,"Metropolitan State University Of Denver",
36939,"New Mexico Highlands University",
36941,"Regis University",
36943,"Colorado Northwestern Cc",
36945,"Salt Lake Community College",
36947,"Southern Idaho, Coll. Of",
36949,"Southern Nevada, College Of",
36951,"California Institute Of Tech.",
36953,"California Lutheran U.",
36955,"Chapman University",
36957,"Claremont-mudd-scripps Colleges",
36959,"Occidental College",
36961,"Pomona-pitzer Colleges",
36963,"Redlands, University Of",
36965,"Whittier College",
36967,"Alabama, University Of",
36969,"Arkansas, U. Of (fayetteville)",
36971,"Auburn University",
36973,"Florida, University Of",
36975,"Georgia, University Of",
36977,"Kentucky, University Of",
36979,"Louisiana State University",
36981,"Mississippi State University",
36983,"Mississippi, University Of",
36985,"Missouri, University Of",
36987,"South Carolina, U. Of",
36989,"Tennessee, University Of (knoxville)",
36991,"Texas A&m University",
36993,"Vanderbilt University",
36995,"Albany State University",
36997,"Benedict College",
36999,"Claflin University",
37001,"Clark Atlanta University",
37003,"Kentucky State University",
37005,"Lane College",
37007,"Le Moyne-owen College",
37009,"Miles College",
37011,"Morehouse College",
37013,"Paine College",
37015,"Spring Hill College",
37017,"Tuskegee University",
37019,"Farmingdale State College",
37021,"Mount Saint Mary College",
37023,"Mount Saint Vincent, Coll. Of",
37025,"Purchase College, State University Of New York",
37027,"Saint Joseph's College-long Island",
37029,"St. Joseph's College (brooklyn, Ny)",
37031,"Suny College At Old Westbury",
37033,"Suny Maritime College",
37035,"United States Merchant Marine Acad.",
37037,"Yeshiva University",
37039,"Eureka College",
37041,"Fontbonne University",
37043,"Greenville University",
37045,"Iowa Wesleyan University",
37047,"Principia College",
37049,"Spalding University",
37050,"Webster University",
37052,"Westminster College (mo)",
37054,"Bacone College",
37056,"Central Christian Coll. (ks)",
37058,"Mid-america Christian University",
37060,"Oklahoma City University",
37062,"Oklahoma Panhandle State Univ.",
37064,"Oklahoma, U. Of Science & Arts Of",
37066,"Southwestern Assemblies Of God University",
37068,"Texas Wesleyan University",
37070,"Wayland Baptist University",
37072,"Anderson University (sc)",
37074,"Carson-newman University",
37076,"Catawba College",
37078,"Coker College",
37080,"Lenoir-rhyne University",
37082,"Lincoln Memorial University",
37084,"Mars Hill University",
37086,"Newberry College",
37088,"Queens University Of Charlotte",
37090,"Wingate University",
37092,"Cerritos College",
37094,"Chaffey College",
37096,"Compton College",
37098,"East Los Angeles College",
37100,"El Camino College",
37102,"Long Beach City College",
37104,"Los Angeles Harbor College",
37106,"Mt. San Antonio College",
37108,"Pasadena City College",
37110,"Rio Hondo College",
37112,"Citadel, The",
37114,"East Tennessee State U.",
37116,"Furman University",
37118,"Mercer University",
37120,"North Carolina, U. Of (greensboro)",
37122,"Samford University",
37124,"Virginia Military Institute",
37126,"Western Carolina University",
37128,"Wofford College",
37130,"Berry College",
37132,"Birmingham-southern College",
37134,"Centre College",
37136,"Hendrix College",
37138,"Millsaps College",
37140,"Oglethorpe University",
37142,"Sewanee: The University Of The South",
37144,"Austin College",
37146,"Centenary College Of Louisiana",
37148,"Dallas, University Of",
37150,"Schreiner University",
37152,"Southwestern University",
37154,"Texas Lutheran Univ.",
37156,"Trinity University",
37158,"Bethel University (tn)",
37160,"Blue Mountain College",
37162,"Faulkner University",
37164,"Loyola University New Orleans",
37166,"Martin Methodist College",
37168,"Middle Georgia State University",
37170,"Mobile, University Of",
37172,"William Carey University",
37174,"Abilene Christian University",
37176,"Central Arkansas, U. Of",
37178,"Houston Baptist University",
37180,"Incarnate Word, U. Of The",
37182,"Lamar University",
37184,"Mcneese State University",
37186,"New Orleans, Univ. Of",
37188,"Nicholls State University",
37190,"Northwestern State Univ.",
37192,"Sam Houston State University",
37194,"Southeastern Louisiana U.",
37196,"Stephen F. Austin State U.",
37198,"Texas A&m U. (corpus Christi)",
37200,"Indiana U.-purdue U. (fort Wayne)",
37202,"Nebraska (omaha), U. Of",
37204,"North Dakota State University",
37206,"Oral Roberts University",
37208,"South Dakota State",
37210,"Western Illinois University",
37212,"Appalachian State University",
37214,"Arkansas State University",
37216,"Coastal Carolina University",
37218,"Georgia Southern University",
37220,"Georgia State University",
37222,"Little Rock",
37224,"Louisiana At Lafayette, U. Of",
37226,"Louisiana At Monroe, U. Of",
37228,"South Alabama, Univ. Of",
37230,"Texas State University-san Marcos",
37232,"Texas, University Of (arlington)",
37234,"Troy University",
37236,"Ave Maria University",
37238,"Florida Memorial University",
37240,"Keiser University",
37242,"South Carolina, U. Of Beaufort",
37244,"Southeastern University",
37246,"St. Thomas University (fl)",
37248,"Warner University",
37250,"Webber International University",
37252,"Barry University",
37254,"Eckerd College",
37256,"Embry-riddle Aeronautical University",
37258,"Florida Southern College",
37260,"Florida Tech",
37262,"Lynn University",
37264,"Nova Southeastern University",
37266,"Palm Beach Atlantic University",
37268,"Rollins College",
37270,"Saint Leo University",
37272,"Tampa, University Of",
37274,"Brockport, The College At",
37276,"Fredonia State U. Of Ny",
37278,"Oswego State",
37280,"Plattsburgh State",
37282,"Suny Cortland",
37284,"Suny New Paltz",
37286,"Suny Oneonta",
37288,"Alabama A&m University",
37290,"Alabama State University",
37292,"Alcorn State University",
37294,"Arkansas, U. Of (pine Bluff)",
37296,"Grambling State University",
37298,"Jackson State University",
37300,"Mississippi Valley State U.",
37302,"Prairie View A&m University",
37304,"Southern Univ. & A&m",
37306,"Texas Southern University",
37308,"Chattanooga State Community College",
37310,"Columbia State Community College",
37312,"Dyersburg State Community College",
37314,"Jackson State Community College",
37316,"Motlow State Community College",
37318,"Roane State Community College",
37320,"Southwest Tennessee Community College",
37322,"Volunteer State Community College",
37324,"Walters State Community College",
37326,"Brandeis University",
37328,"Case Western Reserve University",
37330,"Emory University",
37332,"New York University",
37334,"Washington University In St. Louis",
37336,"Crown College (mn)",
37338,"Martin Luther College",
37340,"Minnesota, U. Of (morris)",
37342,"North Central University",
37344,"Northland College",
37346,"Northwestern, Univ. Of",
37348,"St. Scholastica, Coll. Of",
37350,"Wisconsin, U. Of (superior)",
37352,"Averett University",
37354,"Berea College",
37356,"Brevard College",
37358,"Covenant College",
37360,"Ferrum College",
37362,"Greensboro College",
37364,"Huntingdon College",
37366,"La Grange College",
37368,"Maryville College",
37370,"Methodist University",
37372,"North Carolina Wesleyan",
37374,"Pfeiffer University",
37376,"Piedmont College",
37378,"William Peace University",
37380,"Apprentice School, The",
37382,"Central Pennsylvania College",
37384,"Cincinnati, U. Of-clermont College",
37386,"Concordia College Alabama",
37388,"Kent State University Tuscarawas",
37390,"Mississippi University For Women",
37392,"Oakwood University",
37394,"Robert Morris University Springfield",
37396,"Stratford University",
37398,"Suny Canton",
37400,"Wright State U.-lake Campus",
37402,"California State University, Bakersfield",
37404,"Chicago State University",
37406,"Grand Canyon University",
37408,"New Mexico State University",
37410,"Northern Colorado, U. Of",
37412,"Sacramento State University",
37414,"Seattle University",
37416,"Texas, University Of (rio Grande Valley)",
37418,"Utah Valley University",
37420,"Brigham Young University",
37422,"Gonzaga University",
37424,"Loyola Marymount University",
37426,"Pacific, University Of The",
37428,"Pepperdine University",
37430,"Portland, University Of",
37432,"Saint Mary's College (ca)",
37434,"San Diego, University Of",
37436,"San Francisco, Univ. Of",
37438,"Santa Clara University",
37440,"Allan Hancock College",
37442,"Antelope Valley College",
37444,"Bakersfield College",
37446,"Citrus College",
37448,"College Of The Canyons",
37450,"Cuesta College",
37452,"Los Angeles Mission College",
37454,"Los Angeles Pierce College",
37456,"Los Angeles Valley College",
37458,"Moorpark College",
37460,"Oxnard College",
37462,"Santa Barbara City College",
37464,"West Los Angeles College",
37466,"Wisconsin, U. Of (la Crosse)",
37468,"Wisconsin, U. Of (oshkosh)",
37470,"Wisconsin, U. Of (platteville)",
37472,"Wisconsin, U. Of (stevens Point)",
37474,"Wisconsin, U. Of (stout)",
37476,"Wisconsin, U. Of (whitewater)",
37478,"Clarendon College",
37480,"El Paso Community College",
37482,"Frank Phillips College",
37484,"Howard College",
37486,"Midland College",
37488,"New Mexico Junior College",
37490,"New Mexico Military Institute",
37492,"Odessa College",
37494,"Western Texas College",
37496,"Erie Community College",
37498,"Genesee Community College",
37500,"Mercyhurst North East",
37502,"Monroe Community College",
37504,"Niagara County Community College",
37506,"Aquinas College",
37508,"Cornerstone University",
37510,"Indiana Tech",
37512,"Lawrence Technological University",
37514,"Lourdes University",
37516,"Madonna University",
37518,"Marygrove College",
37520,"Michigan, University Of (dearborn)",
37522,"Northwestern Ohio, University Of",
37524,"Rochester College",
37526,"Siena Heights University",
37528,"Butler County Community College",
37530,"Ccac Boyce Campus",
37532,"Ccac South Campus",
37534,"Potomac State College Of Wvu",
37536,"Westmoreland County Cc",
37538,"Central Maine Community College",
37540,"Great Bay Community College",
37542,"Nhti, Concord's Comm. College",
37544,"Southern Maine Community College",
37557,"Suny Delhi",
37559,"Valley Forge, University Of",
37572,"Syracuse University",
37579,"Chattahoochee Valley Community College",
37582,"Coastal Alabama Cc-monroeville",
37585,"Gadsden State Community College",
37588,"Lurleen B. Wallace Community College",
37596,"Franciscan University",
37599,"Medaille College",
37612,"New Hampshire, University Of",
37615,"Vermont, University Of",
37624,"Southern Methodist University",
37626,"Temple University",
37629,"Tulsa, The University Of",
37638,"Missouri Baptist University",
37641,"Saint Louis College Of Pharmacy",
37651,"Sul Ross State University",
37655,"Allen University",
37657,"Bryan College",
37660,"Montreat College",
37672,"Eastern Arizona College",
37687,"Fisk University",
37689,"Haskell Indian Nations U.",
37691,"Indiana University Northwest",
37693,"Johnson & Wales U. (co)",
37701,"Washington Adventist University",
37703,"Wilberforce University",
37705,"California, U. Of (santa Cruz)",
37716,"Alameda, College Of",
37722,"Mendocino College",
37724,"Merritt College",
37730,"Iowa State University",
37750,"Depaul University",
37753,"Marquette University",
37755,"Providence College",
37761,"Eastern Washington Univ.",
37763,"Idaho State University",
37765,"Idaho, University Of",
37767,"Montana State U.-bozeman",
37769,"Montana, University Of",
37771,"North Dakota, Univ. Of",
37773,"Northern Arizona University",
37776,"Portland State University",
37779,"Southern Utah University",
37781,"Weber State University",
37805,"Wisconsin, U. Of (madison)",
37825,"Humboldt State University",
37831,"Antelope Valley, Univ. Of",
37833,"California St. U. Maritime Acad",
37835,"California, U. Of (merced)",
37837,"Embry-riddle Aeronautical U.",
37839,"Pacific Union College",
37853,"Eastern Oregon University",
37855,"Evergreen State College",
37858,"Multnomah University",
37860,"Northwest Christian University",
37862,"Northwest University",
37865,"Southern Oregon University",
37867,"Walla Walla University",
37869,"Warner Pacific College",
37895,"Georgian Court University",
37898,"Holy Family University",
37905,"Wilmington University (de)",
37907,"Bowie State University",
37910,"Elizabeth City State U.",
37911,"Fayetteville State University",
37914,"Livingstone College",
37917,"Shaw University",
37920,"Virginia Union Univ.",
37924,"Columbia College (ca)",
37933,"Cardinal Stritch University",
37935,"Holy Cross College",
37938,"Judson University",
37951,"Foothill College",
37958,"San Jose City College",
37964,"Drexel University",
37980,"Rosemont College",
37985,"New England, Univ. Of",
37996,"Lees-mcrae College",
38008,"North Texas, University Of",
38014,"University Of Texas At El Paso (utep)",
38026,"Taylor University",
38030,"Brooklyn College",
38032,"Hostos Community College",
38034,"Hunter College",
38040,"Medgar Evers College",
38047,"Daemen College",
38049,"District Of Columbia, U. Of",
38056,"Roberts Wesleyan College",
38058,"Alfred University",
38061,"Hartwick College",
38064,"Nazareth College",
38071,"Harrisburg Area Community College",
38078,"Northampton Community College",
38080,"Philadelphia, Community College Of",
38082,"Thaddeus Stevens College Of Tech.",
38089,"Chipola College",
38091,"Gulf Coast State College",
38102,"Pasco-hernando State College",
38107,"Carroll College",
38110,"Montana State U.-northern",
38112,"Montana Tech",
38114,"Montana Western, U. Of",
38116,"Providence, University Of",
38118,"Rocky Mountain College",
38120,"Arkansas At Monticello, University Of",
38136,"Cumberland County College",
38138,"Essex County College",
38144,"Passaic County Community College",
38149,"Albany Technical College",
38151,"Andrew College",
38153,"Central Georgia Tech. College",
38158,"South Georgia Technical College",
38163,"Ferris State University",
38166,"Lake Superior State University",
38168,"Michigan Tech. University",
38170,"Northern Michigan University",
38195,"Rockhurst University",
38210,"Ohio Valley University",
38218,"Mount Ida College",
38221,"Regis College",
38224,"Saint Joseph's College (me)",
38227,"Alaska Anchorage, U. Of",
38229,"Alaska, University Of",
38236,"Seattle Pacific University",
38238,"Simon Fraser University",
38241,"Western Washington University",
38251,"Mount Marty College",
38256,"Lake Land College",
38258,"Lincoln Trail College",
38260,"Olney Central College",
38263,"Southeastern Illinois College",
38265,"Southwestern Illinois College",
38267,"Dillard University",
38270,"Philander Smith College",
38272,"Southern University At New Orleans",
38299,"Graceland University",
38312,"Manchester University",
38315,"Rose-hulman Inst. Of Tech.",
38329,"Cleveland State University",
38331,"Detroit Mercy, Univ. Of",
38333,"Green Bay (university Of Wisconsin-green Bay)",
38336,"Indiana U.-purdue U. Indianapolis",
38343,"Albany Coll. Of Pharmacy & Health Sciences",
38345,"Berkeley College",
38347,"Culinary Institute Of America, The",
38349,"King's College, The",
38351,"Pratt Institute",
38353,"Suny Coll. Environmental Science & Forestry",
38362,"Bahamas, University Of The",
38364,"Barber-scotia College",
38367,"Casper College",
38371,"Dakota County Tech College",
38373,"Eastern Wyoming College",
38378,"Kankakee Community College",
38380,"Kennedy-king College",
38383,"Lamar Community College",
38385,"Lee College",
38387,"Little Big Horn College",
38389,"Malcolm X College",
38391,"North Arkansas College",
38394,"Northwest Kansas Technical College",
38401,"Richard J. Daley College",
38403,"Saint Louis Christian College",
38406,"San Jacinto College (central)",
38408,"Sheridan College",
38410,"South Suburban College",
38412,"Southern University Shreveport",
38414,"Union College (ne)",
38422,"Little Priest Tribal College",
38430,"Coe College",
38450,"Oklahoma Wesleyan U.",
38455,"Saint Mary, University Of",
38477,"Virgin Islands, Univ. Of",
38482,"Goucher College",
38489,"Hobart College",
38508,"Midwestern State University",
38510,"Texas A&m University (commerce)",
38515,"Western New Mexico Univ.",
38521,"Lycoming College",
38546,"Allegany College Of Maryland",
38551,"Chesapeake College",
38555,"Harford Community College",
38557,"Howard Community College",
38567,"Bristol Community College",
38575,"Roxbury Community College",
38577,"Springfield Tech Community College",
38580,"Fond Du Lac Tribal & Community College",
38583,"Itasca Community College",
38598,"Richland College",
38611,"Alpena Community College",
38619,"Jackson College",
38626,"Mid Michigan Community College",
38629,"Oakland Community College",
38655,"Akron, University Of",
38659,"Buffalo, University At",
38673,"Hampton University",
38675,"Howard University",
38678,"Morgan State University",
38684,"South Carolina State U.",
38687,"Orange County Community College",
38692,"Campbellsville University",
38700,"Cayuga Community College",
38704,"Jefferson Community College",
38709,"Beloit College",
38716,"Lake Forest College",
38722,"Barclay College",
38736,"Missouri State U.-west Plains",
38741,"Drake University",
38746,"Loyola University (il)",
38749,"Northern Iowa, Univ. Of",
38756,"Concord University",
38768,"West Liberty University",
38771,"West Virginia Wesleyan",
38774,"Clinton Community College",
38781,"North Country Community College",
38785,"Boise State University",
38787,"Colorado State University",
38793,"San Diego State University",
38797,"Utah State University",
38799,"Wyoming, University Of",
38801,"Danville Area Community College",
38805,"Lincoln Land Community College",
38810,"Joliet Junior College",
38815,"Wilbur Wright College",
38818,"Bob Jones University",
38820,"Carver College",
38823,"Great Lakes Christian College",
38827,"Morthland College",
38829,"New Hope Christian College",
38832,"Piedmont International University",
38834,"Providence University College",
38836,"Saint Katherine College",
38838,"Trinity College Of Florida",
38840,"West Coast Baptist College",
38842,"Yellowstone Christian College",
38844,"Central Community College",
38851,"Connecticut College",
38856,"Tufts University",
38864,"Newbury College",
38874,"Leech Lake Tribal College",
38876,"Turtle Mountain Community College",
38887,"Green Mountain College",
38889,"Johnson State College",
38892,"Maine Maritime Academy",
38906,"Bryn Athyn College",
38911,"Morrisville State College",
38916,"Saint Elizabeth, College Of",
38924,"Jamestown, University Of",
38931,"Collin College",
38942,"Saint Francis University",
38944,"St. Francis College",
38950,"Bentley University",
38968,"Edgewood College",
38975,"Concordia University, St. Paul",
38979,"Minnesota State U. Moorhead",
39001,"Bellevue College",
39010,"Edmonds Community College",
39015,"Highline College",
39021,"North Idaho College",
39025,"Portland Community College",
39029,"South Puget Sound Community College",
39035,"Umpqua Community College",
39038,"Whatcom Community College",
39053,"Columbus State Community College",
39055,"Cuyahoga Cc (metro Campus)",
39060,"Owens Community College",
39062,"Akron-wayne College, U. Of",
39069,"Ohio University-eastern",
39083,"Tennessee State University",
39086,"Eastern Oklahoma State College",
39093,"Bridgewater College",
39100,"Randolph College",
39117,"Colorado, University Of",
39130,"Chaminade University",
39133,"Dominican University (ca)",
39140,"American University",
39142,"Boston University",
39145,"Colgate University",
39150,"Loyola University Maryland",
39154,"Cuyamaca College",
39159,"Imperial Valley College",
39166,"Clayton State University",
39184,"Thiel College",
39186,"Thomas More College",
39195,"Edinboro University",
39215,"Penn State Lehigh Valley",
39222,"Penn State York",
39226,"Langston University",
39230,"Paul Quinn College",
39232,"Saint Thomas, University Of",
39236,"Brunswick Community College",
39239,"Catawba Valley Community College",
39241,"Central Carolina Community College",
39243,"Davidson County Community College",
39245,"Denmark Tecnhnical College",
39247,"Johnston Community College",
39250,"Patrick Henry Community College",
39253,"Spartanburg Methodist",
39255,"Vance Granville Community College",
39258,"Gogebic Community College",
39263,"Jacksonville College",
39265,"Kilgore College",
39267,"Lamar State College - Port Arthur",
39271,"Trinity Valley Community College",
39275,"Monroe College",
39280,"Delaware Tech & Cc (stanton/wilmington)",
39282,"Murray State College",
39284,"Northern Virginia Community College",
39286,"Benjamin Franklin Institute Of Technology",
39290,"Delgado Community College",
39293,"Southwestern Christian College",
39297,"Central Wyoming College",
39299,"Gillette College",
39301,"Laramie County Community College",
39304,"Northwest College",
39307,"Western Wyoming Community College",
39311,"Carlow University",
39313,"Cincinnati Christian University",
39315,"Indiana University East",
39325,"Black Hills State University",
39327,"Chadron State College",
39335,"Fort Lewis College",
39339,"South Dakota School Of Mines & Tech.",
39341,"Western State Colorado University",
39343,"Westminster College (ut)",
39348,"Utah State U. Eastern",
39354,"La Verne, University Of",
39375,"Central State University",
39379,"Fort Valley State University",
39391,"Sage Colleges, The",
39399,"Blackburn College",
39405,"Macmurray College",
39412,"John Brown University",
39418,"Southwestern Christian University",
39431,"Tusculum College",
39440,"Los Angeles Southwest College",
39450,"Tennessee, U. Of (chattanooga)",
39463,"Colorado College",
39471,"Brewton-parker College",
39473,"Dalton State College",
39494,"Denver, University Of",
39501,"South Dakota, Univ. Of",
39515,"Coastal Georgia, College Of",
39518,"Johnson & Wales U. (fl)",
39523,"Thomas University",
39544,"Suny Buffalo State",
39547,"Suny Geneseo",
39551,"Suny Potsdam",
39564,"Cleveland State Community College",
39573,"Carnegie Mellon University",
39581,"Bethany Lutheran College",
39604,"Christendom College",
39607,"Crown College, The (tn)",
39609,"Florida National University",
39611,"Johnson & Wales U. Charlotte",
39614,"Mid-atlantic Christian Univ.",
39616,"Patrick Henry College",
39618,"Robert Morris University Peoria",
39621,"Selma University",
39623,"Southern State Community College",
39626,"Unity College",
39632,"Missouri-kansas City, Univ. Of (umkc)",
39651,"Barstow College",
39662,"Santa Monica College",
39664,"Ventura College",
39667,"Wisconsin, U. Of (eau Claire)",
39672,"Wisconsin, U. Of (river Falls)",
39677,"Wisconsin, U. Of (barron County)",
39679,"Wisconsin, U. Of (fox Valley)",
39681,"Wisconsin, U. Of (marinette)",
39683,"Wisconsin, U. Of (marshfield)",
39685,"Wisconsin, U. Of (richland)",
39687,"Wisconsin, U. Of (rock County)",
39689,"Wisconsin, U. Of (sheboygan)",
39691,"Wisconsin, U. Of (washington County)",
39693,"Wisconsin, University Of (baraboo/sauk County)",
39702,"South Plains College",
39707,"Jamestown Community College",
39713,"Concordia University (mi)",
39726,"Pennsylvania Highlands Community College",
39728,"Pittsburgh, U. Of (titusville)",
39732,"Hampshire College",
39734,"Maine At Augusta, University Of",
39736,"Maine, U. Of (machias)",
39738,"Paul Smith's College",
39752,"Maine, U. Of Presque Isle",
39819,"Stephens College",
39834,"Bluefield College",
39836,"Columbia College (sc)",
39866,"Maine, University Of (fort Kent)",
39868,"Morris College",
39870,"Northern New Mexico College",
40010,"Bryn Mawr College",
40038,"Johnson C. Smith University",
40051,"West Hills College Lemoore",
40058,"Saint Ambrose University",
40069,"Las Positas College",
40090,"Cedar Crest College",
40098,"Notre Dame Of Maryland University",
40113,"Converse College",
40178,"Harcum College",
40239,"Atlanta Metropolitan Coll.",
40244,"Southern Crescent Tech. College",
40261,"Life Pacific College",
40303,"Ursuline College",
40314,"Saint Joseph, University Of",
40317,"Simmons College",
40342,"Saint Mary, College Of",
40388,"Franklin College",
40415,"Davis College",
40427,"Champion Christian College",
40429,"Clinton College",
40434,"Gateway Community College (ct)",
40443,"Louisiana State University Eunice",
40446,"Metropolitan Cc-penn Valley",
40453,"Rhema Bible College",
40459,"Silver Lake College",
40463,"Trinity Washington Univ.",
40496,"Bethel College (ks)",
40521,"Labette Community College",
40531,"Juniata College",
40544,"William Smith College",
40562,"Texas Woman's University",
40601,"Garrett College",
40668,"Wayne County Community College District",
40677,"Saint Mary's College (in)",
40724,"Life University",
40746,"Calvary University",
40748,"Central Christian Coll. Of The Bible",
40750,"Emmaus Bible College",
40753,"Ozark Christian College",
40762,"Saint Benedict, College Of",
40764,"Saint Catherine University",
40771,"Moberly Area Community College",
40790,"North Dakota State Coll. Of Science",
40792,"United Tribes Technical College",
40836,"Appalachian Bible College",
40841,"Columbia International Univ.",
40845,"Grace Bible College",
40847,"Grace University",
40851,"Kansas Christian College",
40853,"Moody Bible Institute",
40856,"Pensacola Christian Coll.",
40864,"Welch College",
40868,"Mccook Community College",
40870,"North Platte Community College",
40884,"Bay Path University",
40892,"Wheelock College",
40899,"Mount Holyoke College",
40901,"Smith College",
40905,"Wellesley College",
40909,"Association Free Lutheran Bible School",
40911,"Oak Hills Christian College",
40913,"Trinity Bible College",
40991,"Alverno College",
41046,"Peninsula College",
41071,"Cuyahoga Cc (eastern Campus)",
41107,"Hollins University",
41146,"Notre Dame De Namur University",
41162,"Miracosta College",
41194,"Cheyney University Of Pennsylvania",
41234,"Caldwell Cc & Tech Inst.",
41236,"Cape Fear Community College",
41245,"Bay College",
41254,"San Jacinto College (north)",
41262,"Arkansas State University Mid-south",
41276,"Miles Community College",
41314,"Snow College",
41357,"Sarah Lawrence College",
41397,"Los Angeles Trade-tech College",
41415,"Rhodes College",
41430,"Florida College",
41533,"Agnes Scott College",
41543,"Mary Baldwin College",
41546,"Meredith College",
41552,"Salem College",
41554,"Wesleyan College",
41557,"Andrews University",
41564,"Five Towns College",
41567,"Judson College",
41577,"Villa Maria College",
41618,"Wisconsin, U. Of (fond Du Lac)",
41620,"Wisconsin, U. Of (manitowoc)",
41622,"Wisconsin, U. Of (marathon County)",
41629,"Wisconsin, U. Of (waukesha)",
41652,"Beaver County, Cc Of",
41658,"Vermont Technical College",
41662,"Savannah College Of Art Design Atlanta",
41729,"Savannah College Of Art And Design",
41744,"Ccac North Campus",
41872,"Brenau University",
42275,"Georgia Northwestern Tech. Coll.",
42458,"Mills College",
42583,"Estrella Mountain Community College",
42593,"Cleary University",
42693,"Sierra Nevada College",
42697,"Soka University Of America",
42765,"Governors State University",
42892,"Georgia Military College",
42894,"Oxford College Of Emory U.",
43060,"Hawkeye Community College",
43066,"Scott Community College",
43158,"Baltimore City Cc (liberty)",
43268,"Faith Baptist Bible College",
43325,"Regent University",
43512,"Santiago Canyon College",
43601,"Sandhills Community College",
43608,"Fashion Institute Of Technology",
43841,"Bryant & Stratton College (ny)",
43844,"Dine College",
43848,"Navajo Technical University",
43850,"Saint Mary Of The Woods College",
43853,"Warren Wilson College",
43982,"South Florida State College",
44003,"Metropolitan Cc-longview",
44068,"Mount Mary University",
44077,"Sweet Briar College",
44102,"Cottey College",
44105,"Delaware Tech & Cc (terry)",
44731,"Virginia University Of Lynchburg",
45428,"Victoria, University Of",
45906,"Kirtland Community College",
46224,"Richard Bland College",
46234,"Delaware Tech & Cc (owens)",
46850,"South Carolina, U. Of, Sumter",
48458,"Gateway Community College (az)",
48624,"Evergreen Valley College",
48767,"Lake Tahoe Community College",
48897,"Century College",
48908,"Metropolitan Cc-blue River",
49124,"East Central College",
49127,"Saint Charles Community Colllege",
49169,"Baptist Bible College",
49173,"Boyce College",
49183,"Johnson Univ. Florida",
49188,"Nebraska Christian College",
49196,"Toccoa Falls College",
49321,"Rogue Community College",
49342,"Cincinnati State Tech & Cc",
49367,"Norco College",
49471,"San Jacinto College (south)",
49688,"Southwestern Adventist University",
50821,"San Diego Miramar College",
51220,"Wallace Community College-dothan",
51576,"Saint Johns River State College",
52432,"Florence-darlington Tech. College",
56469,"Sagu American Indian College",
75779,None,
